product_id,product_category_name,month_year,unit_price,lag_price,qty,lag_qty,comp_1,comp_2,comp_3,pct_price_change,pct_demand_change,avg_comp_price,price_vs_competitor
bed1,bed_bath_table,01/05/2017,45.95000076,45.90000153,1,13,89.90000153,215,45.95000076,0.1089,-92.3077,116.95,-71
bed1,bed_bath_table,01/08/2018,39.24000168,39.99000168,8,4,74,39.24000168,39.24000168,-1.8755,100,50.8267,-11.5867
bed1,bed_bath_table,01/11/2017,40.53181839,45.95000076,11,3,89.90000153,40.53181839,40.53181839,-11.7915,266.6667,56.9879,-16.4561
bed1,bed_bath_table,01/12/2017,39.99000168,40.53181839,6,11,88.48823547,39.99000168,39.99000168,-1.3368,-45.4545,56.1561,-16.1661
bed2,bed_bath_table,01/02/2017,89.90000153,89.84999847,2,17,89.90000153,89.90000153,89.90000153,0.0557,-88.2353,89.9,0
bed2,bed_bath_table,01/04/2018,85.04499817,86.90000153,6,34,85.04499817,85.04499817,39.99000168,-2.1346,-82.3529,70.0267,15.0183
bed2,bed_bath_table,01/06/2018,79.90000153,83.64961243,23,51,79.90000153,79.90000153,39.99000168,-4.4825,-54.902,66.5967,13.3033
bed2,bed_bath_table,01/07/2018,77.93333435,79.90000153,10,60,77.93333435,77.93333435,39.99000168,-2.4614,-83.3333,65.2856,12.6478
bed2,bed_bath_table,01/08/2018,74,77.93333435,7,37,74,74,39.24000168,-5.047,-81.0811,62.4133,11.5867
bed2,bed_bath_table,01/12/2017,88.48823547,89.90000153,18,40,88.48823547,88.48823547,39.99000168,-1.5704,-55,72.3222,16.1661
bed3,bed_bath_table,01/02/2018,92,98.30000305,13,11,86.90000153,92,39.99000168,-6.409,18.1818,72.9633,19.0367
bed3,bed_bath_table,01/04/2018,90.875,92,9,3,85.04499817,90.875,39.99000168,-1.2228,200,71.97,18.905
bed3,bed_bath_table,01/05/2018,88.23999786,90.875,14,9,83.64961243,88.23999786,39.99000168,-2.8996,55.5556,70.6265,17.6135
bed3,bed_bath_table,01/06/2018,84.90000153,88.23999786,14,14,79.90000153,84.90000153,39.99000168,-3.7851,0,68.2633,16.6367
bed3,bed_bath_table,01/10/2017,99,98.94999695,8,1,89.90000153,99,45.95000076,0.0505,700,78.2833,20.7167
bed4,bed_bath_table,01/03/2018,47.90000153,45.90000153,8,16,86.90000153,47.90000153,39.99000168,4.3573,-50,58.2633,-10.3633
bed4,bed_bath_table,01/10/2017,45.90000153,45.84999847,29,2,89.90000153,45.90000153,45.95000076,0.1091,1350,60.5833,-14.6833
bed4,bed_bath_table,01/11/2017,44.15444565,45.90000153,32,29,89.90000153,44.15444565,40.53181839,-3.803,10.3448,58.1954,-14.041
bed4,bed_bath_table,01/12/2017,45.90000153,44.15444565,12,32,88.48823547,45.90000153,39.99000168,3.9533,-62.5,58.1261,-12.2261
computers1,computers_accessories,01/02/2018,84.75608826,90.53399658,30,31,149,149.8999939,78.71228027,-6.382,-3.2258,125.8708,-41.1147
computers1,computers_accessories,01/03/2018,87.5,84.75608826,13,30,136.1428528,149.8999939,81.02391052,3.2374,-56.6667,122.3556,-34.8556
computers1,computers_accessories,01/04/2018,94,87.5,5,13,120.9230804,149.8999939,80.66666412,7.4286,-61.5385,117.1632,-23.1632
computers1,computers_accessories,01/05/2017,94.90000153,94.84999847,4,5,94.90000153,94.90000153,94.90000153,0.0527,-20,94.9,0
computers1,computers_accessories,01/06/2017,100.9000015,94.90000153,6,4,159.9900055,100.9000015,100.9000015,6.3224,50,120.5967,-19.6967
computers1,computers_accessories,01/06/2018,73,72.94999695,4,6,114.4911575,149.8999939,78.90000153,0.0685,-33.3333,114.4304,-41.4304
computers1,computers_accessories,01/07/2017,109.9000015,100.9000015,10,4,139.9900055,109.9000015,109.9000015,8.9197,150,119.93,-10.03
computers1,computers_accessories,01/07/2018,66.3421402,73,18,10,119.9899979,149.8999939,77.90000153,-9.1204,80,115.93,-49.5879
computers1,computers_accessories,01/08/2018,79.90000153,66.3421402,1,2,119.9899979,149.8999939,77.90000153,20.4363,-50,115.93,-36.03
computers1,computers_accessories,01/09/2017,98.90000153,109.9000015,4,1,151.9900055,98.90000153,98.90000153,-10.0091,300,116.5967,-17.6967
computers2,computers_accessories,01/02/2018,78.71228027,97.64250183,71,29,149,149.8999939,78.71228027,-19.3873,144.8276,125.8708,-47.1585
computers2,computers_accessories,01/03/2018,81.02391052,78.71228027,27,71,136.1428528,149.8999939,81.02391052,2.9368,-61.9718,122.3556,-41.3317
computers2,computers_accessories,01/04/2018,80.66666412,81.02391052,13,27,120.9230804,149.8999939,80.66666412,-0.4409,-51.8519,117.1632,-36.4966
computers2,computers_accessories,01/05/2018,79.80000305,80.66666412,11,13,119,149.8999939,79.80000305,-1.0744,-15.3846,116.2333,-36.4333
computers2,computers_accessories,01/06/2018,78.90000153,79.80000305,10,11,114.4911575,149.8999939,78.90000153,-1.1278,-9.0909,114.4304,-35.5304
computers2,computers_accessories,01/07/2018,77.90000153,78.90000153,7,10,119.9899979,149.8999939,77.90000153,-1.2674,-30,115.93,-38.03
computers2,computers_accessories,01/11/2017,109.9000015,109.8499985,1,2,149.9900055,109.9000015,109.9000015,0.0455,-50,123.2633,-13.3633
computers3,computers_accessories,01/02/2018,132.9700012,133,3,5,149,149.8999939,78.71228027,-0.0226,-40,125.8708,7.0992
computers3,computers_accessories,01/05/2017,178.0571442,178.0071411,15,3,178.0571442,178.0571442,178.0571442,0.0281,400,178.0571,0
computers3,computers_accessories,01/06/2017,149.8524933,178.0571442,15,15,159.9900055,149.8524933,149.8524933,-15.8402,0,153.2317,-3.3792
computers3,computers_accessories,01/07/2017,146.6000061,149.8524933,4,15,139.9900055,146.6000061,146.6000061,-2.1705,-73.3333,144.3967,2.2033
computers3,computers_accessories,01/08/2017,144.9600067,146.6000061,13,4,145.7042847,144.9600067,144.9600067,-1.1187,225,145.2081,-0.2481
computers3,computers_accessories,01/09/2017,138.5899963,144.9600067,12,13,151.9900055,138.5899963,138.5899963,-4.3943,-7.6923,143.0567,-4.4667
computers3,computers_accessories,01/10/2017,137.8999939,138.5899963,16,12,154.6958771,137.8999939,137.8999939,-0.4979,33.3333,143.4986,-5.5986
computers3,computers_accessories,01/12/2017,134.8999939,137.8999939,2,18,149.9900055,134.8999939,109.9000015,-2.1755,-88.8889,131.5967,3.3033
computers4,computers_accessories,01/02/2017,159.9900055,159.9400024,3,43,159.9900055,159.9900055,159.9900055,0.0313,-93.0233,159.99,0
computers4,computers_accessories,01/02/2018,149,156.5113525,31,3,149,149.8999939,78.71228027,-4.7992,933.3333,125.8708,23.1292
computers4,computers_accessories,01/03/2018,136.1428528,149,44,3,136.1428528,149.8999939,81.02391052,-8.629,1366.6667,122.3556,13.7873
computers4,computers_accessories,01/04/2017,139.9900055,159.9900055,5,44,139.9900055,139.9900055,139.9900055,-12.5008,-88.6364,139.99,0
computers4,computers_accessories,01/04/2018,120.9230804,136.1428528,56,5,120.9230804,149.8999939,80.66666412,-11.1793,1020,117.1632,3.7598
computers4,computers_accessories,01/05/2018,119,120.9230804,25,56,119,149.8999939,79.80000305,-1.5903,-55.3571,116.2333,2.7667
computers4,computers_accessories,01/06/2017,159.9900055,159.9400024,3,25,159.9900055,159.9900055,159.9900055,0.0313,-88,159.99,0
computers4,computers_accessories,01/06/2018,114.4911575,119,27,3,114.4911575,149.8999939,78.90000153,-3.7889,800,114.4304,0.0608
computers4,computers_accessories,01/07/2017,139.9900055,159.9900055,6,27,139.9900055,139.9900055,139.9900055,-12.5008,-77.7778,139.99,0
computers4,computers_accessories,01/07/2018,119.9899979,114.4911575,9,6,119.9899979,149.8999939,77.90000153,4.8029,50,115.93,4.06
computers4,computers_accessories,01/08/2017,145.7042847,139.9900055,7,9,145.7042847,145.7042847,145.7042847,4.0819,-22.2222,145.7043,0
computers4,computers_accessories,01/09/2017,151.9900055,145.7042847,11,10,151.9900055,151.9900055,151.9900055,4.314,10,151.99,0
computers4,computers_accessories,01/10/2017,154.6958771,151.9900055,17,11,154.6958771,154.6958771,154.6958771,1.7803,54.5455,154.6959,0
computers4,computers_accessories,01/11/2017,149.9900055,154.6958771,18,17,149.9900055,149.9900055,109.9000015,-3.042,5.8824,136.6267,13.3633
computers5,computers_accessories,01/02/2018,77.15499878,93.09489441,45,57,149,149.8999939,78.71228027,-17.1222,-21.0526,125.8708,-48.7158
computers5,computers_accessories,01/03/2018,88,77.15499878,6,45,136.1428528,149.8999939,81.02391052,14.0561,-86.6667,122.3556,-34.3556
computers5,computers_accessories,01/06/2018,89.90000153,89.84999847,3,10,114.4911575,149.8999939,78.90000153,0.0557,-70,114.4304,-24.5304
computers5,computers_accessories,01/07/2018,78.90000153,89.90000153,3,3,119.9899979,149.8999939,77.90000153,-12.2358,0,115.93,-37.03
computers5,computers_accessories,01/10/2017,167,166.9499969,1,3,154.6958771,167,167,0.03,-66.6667,162.8986,4.1014
computers5,computers_accessories,01/12/2017,119.9000015,119.8499985,2,1,149.9900055,119.9000015,109.9000015,0.0417,100,126.5967,-6.6967
computers6,computers_accessories,01/02/2018,149.8999939,150.354538,69,22,149,149.8999939,78.71228027,-0.3023,213.6364,125.8708,24.0292
consoles1,consoles_games,01/04/2018,35.05714417,32.5,7,6,35.05714417,34.20000076,35.05714417,7.8681,16.6667,34.7714,0.2857
consoles1,consoles_games,01/05/2018,36.20000076,35.05714417,3,7,36.20000076,36.20000076,36.20000076,3.26,-57.1429,36.2,0
consoles1,consoles_games,01/07/2017,19.89999962,19.85000038,13,2,19.89999962,19.89999962,19.89999962,0.2519,550,19.9,0
consoles1,consoles_games,01/10/2017,21.54285622,19.89999962,28,9,21.54285622,20.66666603,21.54285622,8.2556,211.1111,21.2508,0.2921
consoles1,consoles_games,01/11/2017,24.5,21.54285622,28,28,24.5,24.5,24.5,13.7268,0,24.5,0
consoles2,consoles_games,01/02/2018,32.5,27.03333282,1,10,32.5,32.5,32.5,20.222,-90,32.5,0
consoles2,consoles_games,01/03/2018,32.74285889,32.5,7,1,32.5,32.74285889,32.74285889,0.7473,600,32.6619,0.081
consoles2,consoles_games,01/04/2018,34.20000076,32.74285889,6,7,35.05714417,34.20000076,34.20000076,4.4503,-14.2857,34.4857,-0.2857
consoles2,consoles_games,01/07/2017,19.89999962,19.85000038,1,6,19.89999962,19.89999962,19.89999962,0.2519,-83.3333,19.9,0
consoles2,consoles_games,01/10/2017,20.66666603,19.89999962,12,9,21.54285622,20.66666603,20.66666603,3.8526,33.3333,20.9587,-0.2921
consoles2,consoles_games,01/11/2017,24.5,20.66666603,23,12,24.5,24.5,24.5,18.5484,91.6667,24.5,0
cool1,cool_stuff,01/02/2017,85.70428467,85.65428925,7,3,85.70428467,85.70428467,85.70428467,0.0584,133.3333,85.7043,0
cool1,cool_stuff,01/03/2017,99.98999786,85.70428467,14,1,99.98999786,129.9900055,99.98999786,16.6686,1300,109.99,-10
cool1,cool_stuff,01/04/2018,89.86333466,99.98999786,3,17,89.86333466,129.9900055,35,-10.1277,-82.3529,84.9511,4.9122
cool2,cool_stuff,01/03/2017,129.9900055,129.9400024,8,2,99.98999786,129.9900055,129.9900055,0.0385,300,119.99,10
cool2,cool_stuff,01/08/2017,116.9274979,129.9900055,16,16,99.98999786,116.9274979,116.9274979,-10.0489,0,111.2817,5.6458
cool2,cool_stuff,01/10/2017,119.9899979,119.9400024,10,16,99.98999786,119.9899979,119.9899979,0.0417,-37.5,113.3233,6.6667
cool2,cool_stuff,01/11/2017,129.9900055,119.9899979,9,10,99.98999786,129.9900055,129.9900055,8.334,-10,119.99,10
cool3,cool_stuff,01/03/2018,35,34.95000076,26,76,99.98999786,129.9900055,35,0.1431,-65.7895,88.3267,-53.3267
cool3,cool_stuff,01/06/2018,65,35,2,4,65,65,65,85.7143,-50,65,0
cool3,cool_stuff,01/08/2018,65,64.94999695,1,2,65,65,65,0.077,-50,65,0
cool3,cool_stuff,01/09/2017,29.5,29.45000076,1,1,99.98999786,29.5,29.5,0.1698,0,52.9967,-23.4967
cool4,cool_stuff,01/02/2018,176.9900055,166.9900055,8,13,99.98999786,129.9900055,176.9900055,5.9884,-38.4615,135.6567,41.3333
cool4,cool_stuff,01/03/2018,173.8081818,176.9900055,11,8,99.98999786,129.9900055,35,-1.7977,37.5,88.3267,85.4815
cool4,cool_stuff,01/04/2018,169.9900055,173.8081818,6,11,89.86333466,129.9900055,35,-2.1968,-45.4545,84.9511,85.0389
cool4,cool_stuff,01/07/2017,134.9900055,134.9400024,1,6,99.98999786,129.9900055,134.9900055,0.0371,-83.3333,121.6567,13.3333
cool4,cool_stuff,01/10/2017,146.9900055,146.9400024,12,1,99.98999786,119.9899979,146.9900055,0.034,1100,122.3233,24.6667
cool4,cool_stuff,01/11/2017,157.3603668,146.9900055,27,12,99.98999786,129.9900055,157.3603668,7.0551,125,129.1135,28.2469
cool4,cool_stuff,01/12/2017,166.9900055,157.3603668,29,27,99.98999786,129.9900055,166.9900055,6.1195,7.4074,132.3233,34.6667
cool5,cool_stuff,01/03/2018,97.95200348,99.98999786,5,9,99.98999786,129.9900055,35,-2.0382,-44.4444,88.3267,9.6253
cool5,cool_stuff,01/04/2017,99.98999786,99.94000244,2,5,99.98999786,129.9900055,99.98999786,0.05,-60,109.99,-10
cool5,cool_stuff,01/04/2018,84.69249725,97.95200348,4,2,89.86333466,129.9900055,35,-13.5367,100,84.9511,-0.2586
furniture1,furniture_decor,01/03/2018,35.48571396,38.40000153,17,9,69.90000153,35.48571396,99.90000153,-7.5893,88.8889,68.4286,-32.9429
furniture1,furniture_decor,01/04/2018,35,35.48571396,17,17,69.90000153,35,99.90000153,-1.3688,0,68.2667,-33.2667
furniture1,furniture_decor,01/07/2017,38.40000153,38.34999847,1,13,75,38.40000153,38.40000153,0.1304,-92.3077,50.6,-12.2
furniture1,furniture_decor,01/11/2017,36.85428619,38.40000153,28,25,75,36.85428619,99.90000153,-4.0253,12,70.5848,-33.7305
furniture2,furniture_decor,01/02/2018,69.90000153,69.99533081,44,122,69.90000153,38.40000153,99.90000153,-0.1362,-63.9344,69.4,0.5
furniture2,furniture_decor,01/06/2018,89.90000153,69.90000153,2,92,89.90000153,35,99.90000153,28.6123,-97.8261,74.9333,14.9667
furniture2,furniture_decor,01/07/2017,75,74.94999695,5,2,75,38.40000153,75,0.0667,150,62.8,12.2
furniture2,furniture_decor,01/08/2018,103.2333298,89.90000153,3,13,103.2333298,35,83.83333588,14.8313,-76.9231,74.0222,29.2111
furniture2,furniture_decor,01/10/2017,75,74.94999695,5,3,75,38.40000153,75,0.0667,66.6667,62.8,12.2
furniture3,furniture_decor,01/03/2018,35.48571396,38.40000153,14,4,69.90000153,35.48571396,99.90000153,-7.5893,250,68.4286,-32.9429
furniture3,furniture_decor,01/04/2018,35,35.48571396,4,14,69.90000153,35,99.90000153,-1.3688,-71.4286,68.2667,-33.2667
furniture3,furniture_decor,01/08/2017,38.40000153,38.34999847,1,2,75,38.40000153,38.40000153,0.1304,-50,50.6,-12.2
furniture3,furniture_decor,01/08/2018,35,34.95000076,1,1,103.2333298,35,83.83333588,0.1431,0,74.0222,-39.0222
furniture3,furniture_decor,01/11/2017,34.58117676,38.40000153,34,8,75,36.85428619,99.90000153,-9.9449,325,70.5848,-36.0036
furniture3,furniture_decor,01/12/2017,38.40000153,34.58117676,4,34,75,38.40000153,99.90000153,11.0431,-88.2353,71.1,-32.7
furniture4,furniture_decor,01/07/2018,78.5357132,99.90000153,14,10,89.90000153,35,78.5357132,-21.3857,40,67.8119,10.7238
furniture4,furniture_decor,01/08/2018,83.83333588,78.5357132,9,14,103.2333298,35,83.83333588,6.7455,-35.7143,74.0222,9.8111
furniture4,furniture_decor,01/11/2017,99.90000153,99.84999847,1,9,75,36.85428619,99.90000153,0.0501,-88.8889,70.5848,29.3152
garden1,garden_tools,01/02/2017,99.98999786,99.94000244,1,11,99.98999786,99.98999786,99.98999786,0.05,-90.9091,99.99,0
garden1,garden_tools,01/02/2018,120,127.727272,7,1,50.5451622,50.90000153,50.3571434,-6.0498,600,50.6008,69.3992
garden1,garden_tools,01/03/2018,110,120,6,5,53.90000153,53.90000153,53.90000153,-8.3333,20,53.9,56.1
garden1,garden_tools,01/05/2017,109.9899979,109.9400024,4,5,59.90000153,59.90000153,109.9899979,0.0455,-20,76.5967,33.3933
garden1,garden_tools,01/06/2018,89.98999786,110,6,6,49.90000153,49.90000153,49.90000153,-18.1909,0,49.9,40.09
garden1,garden_tools,01/07/2017,120,109.9899979,1,6,59.90000153,59.90000153,59.90000153,9.1008,-83.3333,59.9,60.1
garden1,garden_tools,01/07/2018,99.98999786,89.98999786,7,1,49.90999985,49.90000153,49.90000153,11.1123,600,49.9033,50.0867
garden1,garden_tools,01/08/2018,98.32333374,99.98999786,6,2,49.90999985,49.90000153,49.90000153,-1.6668,200,49.9033,48.42
garden1,garden_tools,01/09/2017,102.5,120,7,6,59.90000153,59.90000153,59.90000153,-14.5833,16.6667,59.9,42.6
garden1,garden_tools,01/10/2017,95.29000092,102.5,17,7,59.90000153,59.90000153,59.90000153,-7.0341,142.8571,59.9,35.39
garden1,garden_tools,01/11/2017,89.98999786,95.29000092,28,17,52.40694427,53.6482811,53.7857132,-5.562,64.7059,53.2803,36.7097
garden10,garden_tools,01/02/2018,50.90000153,49.90000153,36,29,50.5451622,50.90000153,50.3571434,2.004,24.1379,50.6008,0.2992
garden10,garden_tools,01/03/2018,53.90000153,50.90000153,35,36,53.90000153,53.90000153,53.90000153,5.8939,-2.7778,53.9,0
garden10,garden_tools,01/05/2017,59.90000153,59.84999847,3,13,59.90000153,59.90000153,59.90000153,0.0835,-76.9231,59.9,0
garden10,garden_tools,01/05/2018,53.70952225,53.90000153,29,3,53.41514969,53.70952225,53.05789566,-0.3534,866.6667,53.3942,0.3153
garden10,garden_tools,01/06/2018,49.90000153,53.70952225,6,3,49.90000153,49.90000153,49.90000153,-7.0928,100,49.9,0
garden10,garden_tools,01/11/2017,53.6482811,59.90000153,87,31,52.40694427,53.6482811,53.7857132,-10.4369,180.6452,53.2803,0.368
garden10,garden_tools,01/12/2017,55.42499924,53.6482811,32,87,55.09999847,55.42499924,55.75,3.3118,-63.2184,55.425,0
garden2,garden_tools,01/02/2018,51.23333359,49.90000153,4,1,50.5451622,50.90000153,50.3571434,2.672,300,50.6008,0.6326
garden2,garden_tools,01/03/2018,53.90000153,51.23333359,2,4,53.90000153,53.90000153,53.90000153,5.2049,-50,53.9,0
garden2,garden_tools,01/04/2017,59.90000153,59.84999847,5,2,59.90000153,59.90000153,59.90000153,0.0835,150,59.9,0
garden2,garden_tools,01/05/2018,49.90000153,53.90000153,4,2,53.41514969,53.70952225,53.05789566,-7.4212,100,53.3942,-3.4942
garden2,garden_tools,01/11/2017,54.45000076,59.90000153,9,13,52.40694427,53.6482811,53.7857132,-9.0985,-30.7692,53.2803,1.1697
garden2,garden_tools,01/12/2017,49.90000153,54.45000076,1,9,55.09999847,55.42499924,55.75,-8.3563,-88.8889,55.425,-5.525
garden3,garden_tools,01/02/2017,99.98999786,99.94000244,1,12,99.98999786,99.98999786,99.98999786,0.05,-91.6667,99.99,0
garden3,garden_tools,01/02/2018,120,123.331665,14,1,50.5451622,50.90000153,50.3571434,-2.7014,1300,50.6008,69.3992
garden3,garden_tools,01/03/2018,113.3333359,120,6,11,53.90000153,53.90000153,53.90000153,-5.5556,-45.4545,53.9,59.4333
garden3,garden_tools,01/04/2017,96.65666962,99.98999786,8,6,96.65666962,96.65666962,96.65666962,-3.3337,33.3333,96.6567,0
garden3,garden_tools,01/04/2018,110,113.3333359,7,8,53.90000153,53.90000153,53.90000153,-2.9412,-12.5,53.9,56.1
garden3,garden_tools,01/05/2017,109.9899979,96.65666962,2,7,59.90000153,59.90000153,109.9899979,13.7945,-71.4286,76.5967,33.3933
garden3,garden_tools,01/06/2017,119.9899979,109.9899979,2,8,59.90000153,59.90000153,119.9899979,9.0917,-75,79.93,40.06
garden3,garden_tools,01/06/2018,96.65666962,110,10,2,49.90000153,49.90000153,49.90000153,-12.1303,400,49.9,46.7567
garden3,garden_tools,01/07/2017,120,119.9899979,2,10,59.90000153,59.90000153,59.90000153,0.0083,-80,59.9,60.1
garden3,garden_tools,01/07/2018,99.98999786,96.65666962,5,2,49.90999985,49.90000153,49.90000153,3.4486,150,49.9033,50.0867
garden3,garden_tools,01/09/2017,104.25,104.1999969,4,2,59.90000153,59.90000153,59.90000153,0.048,100,59.9,44.35
garden3,garden_tools,01/10/2017,92.59400177,104.25,12,4,59.90000153,59.90000153,59.90000153,-11.1808,200,59.9,32.694
garden3,garden_tools,01/11/2017,89.98999786,92.59400177,21,12,52.40694427,53.6482811,53.7857132,-2.8123,75,53.2803,36.7097
garden4,garden_tools,01/02/2018,50.3571434,49.90000153,48,39,50.5451622,50.90000153,50.3571434,0.9161,23.0769,50.6008,-0.2436
garden4,garden_tools,01/03/2018,53.90000153,50.3571434,26,48,53.90000153,53.90000153,53.90000153,7.0355,-45.8333,53.9,0
garden4,garden_tools,01/05/2018,53.05789566,53.90000153,25,28,53.41514969,53.70952225,53.05789566,-1.5623,-10.7143,53.3942,-0.3363
garden4,garden_tools,01/06/2018,49.90000153,53.05789566,15,25,49.90000153,49.90000153,49.90000153,-5.9518,-40,49.9,0
garden4,garden_tools,01/07/2017,59.90000153,59.84999847,13,15,59.90000153,59.90000153,59.90000153,0.0835,-13.3333,59.9,0
garden4,garden_tools,01/11/2017,53.7857132,59.90000153,69,36,52.40694427,53.6482811,53.7857132,-10.2075,91.6667,53.2803,0.5054
garden4,garden_tools,01/12/2017,55.75,53.7857132,44,69,55.09999847,55.42499924,55.75,3.6521,-36.2319,55.425,0.325
garden5,garden_tools,01/02/2018,101,99.5,2,4,50.5451622,50.90000153,50.3571434,1.5075,-50,50.6008,50.3992
garden5,garden_tools,01/03/2017,69.90000153,69.84999847,6,2,69.90000153,69.90000153,69.90000153,0.0716,200,69.9,0
garden5,garden_tools,01/04/2017,82.6333313,69.90000153,3,1,82.6333313,82.6333313,82.6333313,18.2165,200,82.6333,0
garden5,garden_tools,01/05/2017,97.58823395,82.6333313,20,1,59.90000153,59.90000153,97.58823395,18.0979,1900,72.4627,25.1255
garden5,garden_tools,01/06/2017,89,97.58823395,8,20,59.90000153,59.90000153,89,-8.8005,-60,69.6,19.4
garden5,garden_tools,01/08/2017,97.33333588,89,7,10,59.90000153,59.90000153,59.90000153,9.3633,-30,59.9,37.4333
garden5,garden_tools,01/09/2017,99,97.33333588,9,7,59.90000153,59.90000153,59.90000153,1.7123,28.5714,59.9,39.1
garden6,garden_tools,01/02/2018,50.5451622,49.90000153,39,12,50.5451622,50.90000153,50.3571434,1.2929,225,50.6008,-0.0556
garden6,garden_tools,01/03/2018,53.90000153,50.5451622,31,39,53.90000153,53.90000153,53.90000153,6.6373,-20.5128,53.9,0
garden6,garden_tools,01/05/2017,59.90000153,59.84999847,4,46,59.90000153,59.90000153,59.90000153,0.0835,-91.3043,59.9,0
garden6,garden_tools,01/05/2018,53.41514969,53.90000153,56,4,53.41514969,53.70952225,53.05789566,-0.8995,1300,53.3942,0.021
garden6,garden_tools,01/06/2018,49.90000153,53.41514969,12,1,49.90000153,49.90000153,49.90000153,-6.5808,1100,49.9,0
garden6,garden_tools,01/07/2018,49.90999985,49.90000153,6,14,49.90999985,49.90000153,49.90000153,0.02,-57.1429,49.9033,0.0067
garden6,garden_tools,01/11/2017,52.40694427,59.90000153,91,39,52.40694427,53.6482811,53.7857132,-12.5093,133.3333,53.2803,-0.8734
garden6,garden_tools,01/12/2017,55.09999847,52.40694427,51,91,55.09999847,55.42499924,55.75,5.1387,-43.956,55.425,-0.325
garden7,garden_tools,01/02/2018,51.40000153,49.90000153,8,11,50.5451622,50.90000153,50.3571434,3.006,-27.2727,50.6008,0.7992
garden7,garden_tools,01/03/2018,53.90000153,51.40000153,3,8,53.90000153,53.90000153,53.90000153,4.8638,-62.5,53.9,0
garden7,garden_tools,01/04/2017,59.90000153,59.84999847,1,3,59.90000153,59.90000153,59.90000153,0.0835,-66.6667,59.9,0
garden7,garden_tools,01/05/2018,52.90000153,53.90000153,9,1,53.41514969,53.70952225,53.05789566,-1.8553,800,53.3942,-0.4942
garden7,garden_tools,01/06/2018,49.90000153,52.90000153,5,9,49.90000153,49.90000153,49.90000153,-5.6711,-44.4444,49.9,0
garden7,garden_tools,01/07/2017,59.90000153,59.84999847,4,5,59.90000153,59.90000153,59.90000153,0.0835,-20,59.9,0
garden7,garden_tools,01/11/2017,51.32222366,59.90000153,20,11,52.40694427,53.6482811,53.7857132,-14.3202,81.8182,53.2803,-1.9581
garden7,garden_tools,01/12/2017,56.97777939,51.32222366,10,20,55.09999847,55.42499924,55.75,11.0197,-50,55.425,1.5528
garden8,garden_tools,01/02/2017,179.9900055,179.9400024,1,14,179.9900055,179.9900055,179.9900055,0.0278,-92.8571,179.99,0
garden8,garden_tools,01/02/2018,179,187.8542786,12,1,50.5451622,50.90000153,50.3571434,-4.7134,1100,50.6008,128.3992
garden8,garden_tools,01/03/2018,175.1538391,179,13,12,53.90000153,53.90000153,53.90000153,-2.1487,8.3333,53.9,121.2538
garden8,garden_tools,01/04/2017,179.9900055,179.9400024,3,13,179.9900055,179.9900055,179.9900055,0.0278,-76.9231,179.99,0
garden8,garden_tools,01/04/2018,179,175.1538391,11,3,53.90000153,53.90000153,53.90000153,2.1959,266.6667,53.9,125.1
garden8,garden_tools,01/06/2018,159,179,10,3,49.90000153,49.90000153,49.90000153,-11.1732,233.3333,49.9,109.1
garden8,garden_tools,01/07/2018,139,159,8,10,49.90999985,49.90000153,49.90000153,-12.5786,-20,49.9033,89.0967
garden8,garden_tools,01/09/2017,179.9900055,179.9400024,2,7,59.90000153,59.90000153,59.90000153,0.0278,-71.4286,59.9,120.09
garden8,garden_tools,01/12/2017,183.9900055,179.9900055,15,13,55.09999847,55.42499924,55.75,2.2223,15.3846,55.425,128.565
garden9,garden_tools,01/02/2018,51.02500153,49.90000153,44,25,50.5451622,50.90000153,50.3571434,2.2545,76,50.6008,0.4242
garden9,garden_tools,01/03/2018,53.90000153,51.02500153,25,44,53.90000153,53.90000153,53.90000153,5.6345,-43.1818,53.9,0
garden9,garden_tools,01/04/2017,59.90000153,59.84999847,3,25,59.90000153,59.90000153,59.90000153,0.0835,-88,59.9,0
garden9,garden_tools,01/05/2018,52.56666565,53.90000153,17,7,53.41514969,53.70952225,53.05789566,-2.4737,142.8571,53.3942,-0.8275
garden9,garden_tools,01/06/2018,49.90000153,52.56666565,8,4,49.90000153,49.90000153,49.90000153,-5.0729,100,49.9,0
garden9,garden_tools,01/11/2017,53.37910461,59.90000153,82,19,52.40694427,53.6482811,53.7857132,-10.8863,331.5789,53.2803,0.0988
garden9,garden_tools,01/12/2017,55.77096939,53.37910461,40,82,55.09999847,55.42499924,55.75,4.4809,-51.2195,55.425,0.346
health10,health_beauty,01/03/2018,48.45944595,47.3578949,58,21,23.98999977,83.73999786,58.99000168,2.326,176.1905,55.5733,-7.1139
health10,health_beauty,01/04/2018,53.70176315,48.45944595,18,58,53.70176315,79.98999786,58.99000168,10.8179,-68.9655,64.2273,-10.5255
health10,health_beauty,01/05/2018,52.06928635,53.70176315,33,18,23.98999977,79.98999786,58.99000168,-3.0399,83.3333,54.3233,-2.254
health10,health_beauty,01/06/2018,49.97999954,52.06928635,9,33,23.98999977,79.98999786,58.99000168,-4.0125,-72.7273,54.3233,-4.3433
health10,health_beauty,01/07/2018,51.51200104,49.97999954,5,9,23.98999977,79.98999786,58.99000168,3.0652,-44.4444,54.3233,-2.8113
health10,health_beauty,01/08/2018,50.70999908,51.51200104,11,5,23.98999977,82.82142639,58.99000168,-1.5569,120,55.2671,-4.5571
health2,health_beauty,01/03/2018,325.8928528,325,28,23,23.98999977,83.73999786,58.99000168,0.2747,21.7391,55.5733,270.3195
health2,health_beauty,01/04/2018,330,325.8928528,21,28,330,79.98999786,58.99000168,1.2603,-25,156.3267,173.6733
health2,health_beauty,01/08/2017,325,324.9500122,6,13,23.39740753,89.98999786,58.99000168,0.0154,-53.8462,57.4591,267.5409
health3,health_beauty,01/04/2018,116.5284653,110.9899979,13,9,116.5284653,79.98999786,58.99000168,4.9901,44.4444,85.1695,31.359
health3,health_beauty,01/05/2018,119.9899979,116.5284653,23,13,23.98999977,79.98999786,58.99000168,2.9705,76.9231,54.3233,65.6667
health3,health_beauty,01/06/2018,122.9899979,119.9899979,43,23,23.98999977,79.98999786,58.99000168,2.5002,86.9565,54.3233,68.6667
health5,health_beauty,01/05/2018,352.25,349.8999939,10,4,23.98999977,79.98999786,58.99000168,0.6716,150,54.3233,297.9267
health5,health_beauty,01/06/2018,364,352.25,11,2,23.98999977,79.98999786,58.99000168,3.3357,450,54.3233,309.6767
health5,health_beauty,01/11/2017,322.1363525,349.8999939,11,10,23.98999977,89.98999786,58.99000168,-7.9347,10,57.6567,264.4797
health5,health_beauty,01/12/2017,349.8999939,322.1363525,7,11,23.98999977,89.98999786,58.99000168,8.6186,-36.3636,57.6567,292.2433
health6,health_beauty,01/03/2018,61.99000168,61.93999863,13,3,23.98999977,83.73999786,58.99000168,0.0807,333.3333,55.5733,6.4167
health6,health_beauty,01/04/2018,64.98999786,61.99000168,15,13,64.98999786,79.98999786,58.99000168,4.8395,15.3846,67.99,-3
health6,health_beauty,01/06/2018,66.98999786,64.98999786,26,38,23.98999977,79.98999786,58.99000168,3.0774,-31.5789,54.3233,12.6667
health7,health_beauty,01/06/2017,58.7995224,64.98999786,21,4,19.98999977,89.98999786,58.7995224,-9.5253,425,56.2598,2.5397
health7,health_beauty,01/07/2017,59.25666809,58.7995224,15,6,19.98999977,89.98999786,59.25666809,0.7775,150,56.4122,2.8444
health7,health_beauty,01/08/2017,58.99000168,59.25666809,22,2,23.39740753,89.98999786,58.99000168,-0.45,1000,57.4591,1.5309
health8,health_beauty,01/03/2017,89.98999786,89.94000244,6,17,19.98999977,89.98999786,64.98999786,0.0556,-64.7059,58.3233,31.6667
health8,health_beauty,01/03/2018,83.73999786,89.98999786,16,6,23.98999977,83.73999786,58.99000168,-6.9452,166.6667,55.5733,28.1667
health8,health_beauty,01/04/2018,79.98999786,83.73999786,14,16,79.98999786,79.98999786,58.99000168,-4.4781,-12.5,72.99,7
health8,health_beauty,01/05/2017,89.98999786,89.94000244,6,14,19.98999977,89.98999786,64.98999786,0.0556,-57.1429,58.3233,31.6667
health8,health_beauty,01/08/2018,82.82142639,79.98999786,7,18,23.98999977,82.82142639,58.99000168,3.5397,-61.1111,55.2671,27.5543
health9,health_beauty,01/02/2017,19.98999977,19.94000053,11,19,19.98999977,19.98999977,64.98999786,0.2507,-42.1053,34.99,-15
health9,health_beauty,01/05/2018,23.98999977,23.94000053,7,16,23.98999977,79.98999786,58.99000168,0.2089,-56.25,54.3233,-30.3333
health9,health_beauty,01/08/2017,23.39740753,19.98999977,28,3,23.39740753,89.98999786,58.99000168,17.0456,833.3333,57.4591,-34.0617
health9,health_beauty,01/09/2017,23.98999977,23.39740753,24,2,23.98999977,89.98999786,58.99000168,2.5327,1100,57.6567,-33.6667
perfumery1,perfumery,01/03/2018,50.49000168,56.99000168,14,4,50.49000168,117.6999969,50.49000168,-11.4055,250,72.8933,-22.4033
perfumery1,perfumery,01/04/2018,49.99000168,50.49000168,2,14,49.99000168,117.9749985,49.99000168,-0.9903,-85.7143,72.6517,-22.6617
perfumery1,perfumery,01/06/2017,56.99000168,56.93999863,4,2,56.99000168,56.99000168,56.99000168,0.0878,100,56.99,0
perfumery1,perfumery,01/07/2018,49.99000168,49.93999863,8,7,49.99000168,118.6999969,49.99000168,0.1001,14.2857,72.8933,-22.9033
perfumery2,perfumery,01/02/2018,117.8888855,117.9000015,11,6,56.99000168,117.8888855,117.8888855,-0.0094,83.3333,97.5893,20.2996
perfumery2,perfumery,01/03/2018,117.6999969,117.8888855,4,11,50.49000168,117.6999969,117.6999969,-0.1602,-63.6364,95.2967,22.4033
perfumery2,perfumery,01/04/2018,117.9749985,117.6999969,8,4,49.99000168,117.9749985,117.9749985,0.2336,100,95.3133,22.6617
perfumery2,perfumery,01/05/2018,119.9000015,117.9749985,17,8,119.9000015,119.9000015,119.9000015,1.6317,112.5,119.9,0
perfumery2,perfumery,01/06/2018,119.1785736,119.9000015,14,17,119.1785736,119.1785736,119.1785736,-0.6017,-17.6471,119.1786,0
perfumery2,perfumery,01/07/2018,118.6999969,119.1785736,5,14,49.99000168,118.6999969,118.6999969,-0.4016,-64.2857,95.7967,22.9033
perfumery2,perfumery,01/08/2017,142.5,142.4499969,1,5,56.99000168,142.5,142.5,0.0351,-80,113.9967,28.5033
perfumery2,perfumery,01/08/2018,116.9066696,118.6999969,17,1,49.99000168,116.9066696,116.9066696,-1.5108,1600,94.6011,22.3056
perfumery2,perfumery,01/11/2017,118.0500031,142.5,8,2,56.99000168,118.0500031,118.0500031,-17.1579,300,97.6967,20.3533
perfumery2,perfumery,01/12/2017,118,118.0500031,12,8,56.99000168,118,118,-0.0424,50,97.6633,20.3367
watches1,watches_gifts,01/02/2018,182,199,6,2,128.2416687,108,182,-8.5427,200,139.4139,42.5861
watches1,watches_gifts,01/03/2017,241.0059967,240.9559937,5,6,241.0059967,241.0059967,241.0059967,0.0208,-16.6667,241.006,0
watches1,watches_gifts,01/03/2018,151.8784332,182,32,5,117.4412918,105.6428604,151.8784332,-16.5503,540,124.9875,26.8909
watches1,watches_gifts,01/04/2017,255.6100006,241.0059967,3,32,255.6100006,255.6100006,255.6100006,6.0596,-90.625,255.61,0
watches1,watches_gifts,01/04/2018,150.1333313,151.8784332,9,3,105.6486282,105,150.1333313,-1.149,200,120.2607,29.8727
watches1,watches_gifts,01/05/2018,132.53125,150.1333313,32,9,103.7925262,105,132.53125,-11.7243,255.5556,113.7746,18.7567
watches1,watches_gifts,01/06/2017,185,184.9499969,5,32,163,185,185,0.027,-84.375,177.6667,7.3333
watches1,watches_gifts,01/06/2018,138.2200012,132.53125,15,5,119,105,138.2200012,4.2924,200,120.74,17.48
watches1,watches_gifts,01/07/2017,197.3829956,185,10,15,161.5909119,197.3829956,197.3829956,6.6935,-33.3333,185.4523,11.9307
watches1,watches_gifts,01/07/2018,155,138.2200012,2,10,118.3636398,105,155,12.1401,-80,126.1212,28.8788
watches1,watches_gifts,01/08/2017,179.8999939,197.3829956,15,2,160.6692352,179.8999939,179.8999939,-8.8574,650,173.4897,6.4103
watches1,watches_gifts,01/08/2018,145.5509033,155,11,15,112,105,145.5509033,-6.0962,-26.6667,120.8503,24.7006
watches1,watches_gifts,01/09/2017,164.5700073,179.8999939,20,11,148.7785645,164.5700073,164.5700073,-8.5214,81.8182,159.3062,5.2638
watches1,watches_gifts,01/10/2017,232.4900055,164.5700073,4,20,134.8999939,232.4900055,232.4900055,41.2712,-80,199.96,32.53
watches1,watches_gifts,01/11/2017,174.4333344,232.4900055,18,4,133,108,174.4333344,-24.9717,350,138.4778,35.9556
watches1,watches_gifts,01/12/2017,185.9600067,174.4333344,5,18,149,108,185.9600067,6.6081,-72.2222,147.6533,38.3067
watches2,watches_gifts,01/02/2018,145.9942932,148.5,14,8,128.2416687,108,182,-1.6873,75,139.4139,6.5804
watches2,watches_gifts,01/03/2018,123.9666672,145.9942932,9,14,117.4412918,105.6428604,151.8784332,-15.088,-35.7143,124.9875,-1.0209
watches2,watches_gifts,01/04/2018,119.1900024,123.9666672,10,9,105.6486282,105,150.1333313,-3.8532,11.1111,120.2607,-1.0707
watches2,watches_gifts,01/05/2018,118.1318207,119.1900024,22,10,103.7925262,105,132.53125,-0.8878,120,113.7746,4.3572
watches2,watches_gifts,01/06/2017,157.9900055,157.9400024,5,22,163,157.9900055,185,0.0317,-77.2727,168.6633,-10.6733
watches2,watches_gifts,01/06/2018,139.8999939,118.1318207,1,5,119,105,138.2200012,18.427,-80,120.74,19.16
watches2,watches_gifts,01/07/2017,171.7920074,157.9900055,6,1,161.5909119,171.7920074,197.3829956,8.736,500,176.922,-5.13
watches2,watches_gifts,01/07/2018,138.9799957,139.8999939,5,6,118.3636398,105,155,-0.6576,-16.6667,126.1212,12.8588
watches2,watches_gifts,01/08/2017,169.8999939,171.7920074,5,5,160.6692352,169.8999939,179.8999939,-1.1013,0,170.1564,-0.2564
watches2,watches_gifts,01/08/2018,138,138.9799957,3,5,112,105,145.5509033,-0.7051,-40,120.8503,17.1497
watches2,watches_gifts,01/09/2017,160.3999939,169.8999939,10,3,148.7785645,160.3999939,164.5700073,-5.5915,233.3333,157.9162,2.4838
watches2,watches_gifts,01/10/2017,149.4750061,160.3999939,16,10,134.8999939,149.4750061,232.4900055,-6.8111,60,172.2883,-22.8133
watches2,watches_gifts,01/11/2017,140.5599976,149.4750061,26,16,133,108,174.4333344,-5.9642,62.5,138.4778,2.0822
watches2,watches_gifts,01/12/2017,149,140.5599976,6,26,149,108,185.9600067,6.0046,-76.9231,147.6533,1.3467
watches3,watches_gifts,01/03/2017,78,77.94999695,1,1,78,78,241.0059967,0.0641,0,132.3353,-54.3353
watches3,watches_gifts,01/06/2017,78,77.94999695,3,5,163,78,185,0.0641,-40,142,-64
watches3,watches_gifts,01/08/2018,77.82142639,78,28,5,112,105,145.5509033,-0.2289,460,120.8503,-43.0289
watches3,watches_gifts,01/10/2017,78,77.94999695,3,28,134.8999939,78,232.4900055,0.0641,-89.2857,148.4633,-70.4633
watches4,watches_gifts,01/03/2018,105.6428604,108,21,33,117.4412918,105.6428604,151.8784332,-2.1825,-36.3636,124.9875,-19.3447
watches4,watches_gifts,01/04/2018,105,105.6428604,21,21,105.6486282,105,150.1333313,-0.6085,0,120.2607,-15.2607
watches4,watches_gifts,01/11/2017,108,107.9499969,13,7,133,108,174.4333344,0.0463,85.7143,138.4778,-30.4778
watches5,watches_gifts,01/02/2018,205.6857147,220.7700043,21,10,128.2416687,108,182,-6.8326,110,139.4139,66.2718
watches5,watches_gifts,01/03/2018,216.1875,205.6857147,16,21,117.4412918,105.6428604,151.8784332,5.1057,-23.8095,124.9875,91.2
watches5,watches_gifts,01/04/2018,204.384613,216.1875,13,16,105.6486282,105,150.1333313,-5.4596,-18.75,120.2607,84.124
watches5,watches_gifts,01/05/2018,199,204.384613,17,13,103.7925262,105,132.53125,-2.6345,30.7692,113.7746,85.2254
watches5,watches_gifts,01/08/2017,229.8999939,229.8500061,8,17,160.6692352,229.8999939,179.8999939,0.0217,-52.9412,190.1564,39.7436
watches5,watches_gifts,01/09/2017,219.0599976,229.8999939,10,8,148.7785645,219.0599976,164.5700073,-4.7151,25,177.4695,41.5905
watches5,watches_gifts,01/10/2017,216.1499939,219.0599976,8,10,134.8999939,216.1499939,232.4900055,-1.3284,-20,194.5133,21.6367
watches5,watches_gifts,01/11/2017,203.2909088,216.1499939,12,8,133,108,174.4333344,-5.9491,50,138.4778,64.8131
watches5,watches_gifts,01/12/2017,224.5428619,203.2909088,28,12,149,108,185.9600067,10.454,133.3333,147.6533,76.8895
watches6,watches_gifts,01/03/2018,117.4412918,128.2416687,31,6,117.4412918,105.6428604,151.8784332,-8.4219,416.6667,124.9875,-7.5462
watches6,watches_gifts,01/04/2018,105.6486282,117.4412918,85,31,105.6486282,105,150.1333313,-10.0413,174.1935,120.2607,-14.612
watches6,watches_gifts,01/05/2018,103.7925262,105.6486282,114,85,103.7925262,105,132.53125,-1.7569,34.1176,113.7746,-9.9821
watches6,watches_gifts,01/06/2017,163,162.9499969,4,114,163,163,185,0.0307,-96.4912,170.3333,-7.3333
watches6,watches_gifts,01/06/2018,119,103.7925262,9,4,119,105,138.2200012,14.6518,125,120.74,-1.74
watches6,watches_gifts,01/07/2017,161.5909119,163,11,9,161.5909119,161.5909119,197.3829956,-0.8645,22.2222,173.5216,-11.9307
watches6,watches_gifts,01/07/2018,118.3636398,119,11,11,118.3636398,105,155,-0.5348,0,126.1212,-7.7576
watches6,watches_gifts,01/08/2017,160.6692352,161.5909119,13,11,160.6692352,160.6692352,179.8999939,-0.5704,18.1818,167.0795,-6.4103
watches6,watches_gifts,01/08/2018,112,118.3636398,1,13,112,105,145.5509033,-5.3763,-92.3077,120.8503,-8.8503
watches6,watches_gifts,01/09/2017,148.7785645,160.6692352,18,1,148.7785645,148.7785645,164.5700073,-7.4007,1700,154.0424,-5.2638
watches6,watches_gifts,01/10/2017,134.8999939,148.7785645,1,18,134.8999939,134.8999939,232.4900055,-9.3283,-94.4444,167.43,-32.53
watches6,watches_gifts,01/11/2017,133,134.8999939,15,1,133,108,174.4333344,-1.4084,1400,138.4778,-5.4778
watches6,watches_gifts,01/12/2017,149,133,4,15,149,108,185.9600067,12.0301,-73.3333,147.6533,1.3467
watches7,watches_gifts,01/02/2018,347,339.8999939,5,1,128.2416687,108,182,2.0889,400,139.4139,207.5861
watches7,watches_gifts,01/03/2018,307.8333435,347,6,5,117.4412918,105.6428604,151.8784332,-11.2872,20,124.9875,182.8458
watches7,watches_gifts,01/04/2018,280.6666565,307.8333435,6,6,105.6486282,105,150.1333313,-8.8251,0,120.2607,160.406
watches7,watches_gifts,01/05/2018,258.969574,280.6666565,23,6,103.7925262,105,132.53125,-7.7306,283.3333,113.7746,145.195
watches7,watches_gifts,01/06/2018,245.8999939,258.969574,4,23,119,105,138.2200012,-5.0468,-82.6087,120.74,125.16
watches7,watches_gifts,01/07/2018,169.3493195,245.8999939,45,4,118.3636398,105,155,-31.1308,1025,126.1212,43.2281
watches7,watches_gifts,01/08/2017,339,338.9500122,2,45,160.6692352,339,179.8999939,0.0147,-95.5556,226.5231,112.4769
watches7,watches_gifts,01/10/2017,346.1579895,339,10,1,134.8999939,346.1579895,232.4900055,2.1115,900,237.8493,108.3087
watches7,watches_gifts,01/11/2017,345.706665,346.1579895,9,10,133,108,174.4333344,-0.1304,-10,138.4778,207.2289
watches7,watches_gifts,01/12/2017,348.7999878,345.706665,11,9,149,108,185.9600067,0.8948,22.2222,147.6533,201.1467
watches8,watches_gifts,01/02/2018,204.6181793,229.8999939,11,2,128.2416687,108,182,-10.9969,450,139.4139,65.2043
watches8,watches_gifts,01/03/2018,167.5,204.6181793,16,11,117.4412918,105.6428604,151.8784332,-18.1402,45.4545,124.9875,42.5125
watches8,watches_gifts,01/04/2018,150.3423004,167.5,26,16,105.6486282,105,150.1333313,-10.2434,62.5,120.2607,30.0816
watches8,watches_gifts,01/05/2018,145.1666718,150.3423004,30,26,103.7925262,105,132.53125,-3.4426,15.3846,113.7746,31.3921
watches8,watches_gifts,01/06/2018,152.6333313,145.1666718,3,30,119,105,138.2200012,5.1435,-90,120.74,31.8933
watches8,watches_gifts,01/07/2017,239.8999939,239.8500061,2,3,161.5909119,239.8999939,197.3829956,0.0208,-33.3333,199.6246,40.2754
watches8,watches_gifts,01/07/2018,157.1428528,152.6333313,14,2,118.3636398,105,155,2.9545,600,126.1212,31.0216
watches8,watches_gifts,01/08/2018,157.9454498,157.1428528,11,14,112,105,145.5509033,0.5107,-21.4286,120.8503,37.0951
watches8,watches_gifts,01/10/2017,239.8999939,239.8500061,2,11,134.8999939,239.8999939,232.4900055,0.0208,-81.8182,202.43,37.47
